aaron aaronit aarón abaco abalen abbas abbott abdala abdas abdecalas abdel abderico abdias abdiel abdieso abdo abdon abdul abdullah abe abel abelardo abenamar abencio aberardo abercio abey abhay abibo abibon abie abiel abijah abilio abimael abisag abisai abner abo abraham abrahamitas abrahan abram abran absalon abu abud abudemio abundancio abundio acacio acato acañir accas accio acdeel acdel ace acelin acepimas acilino acindino acisclo ackerley acnin acucio acursio adair adala adalberto adalid adalino adam adamnan adamo adan adauco adaucto adbeel adbi addison ade adel adelardo adelberto adelfo adelgiro adelino adelio adelmar adelmiro adelmo adelqui adelquis adem ademar ademaro adenor aderes aderito adhemar adi adib adiel adil adilson adiran aditardo adlai adley admon ado adolfo adolph adon adonai adonay adonias adonis adrew adrian adriano adriel adrio adrion adrián adulfo adventor adyuto adyutor adán aelohim aeneas afia afiano afif afraates afrael africano afrides afrodisio afton aftonio agabe agabio agabo agamenon agapio agapito agatangelo agatodoro agaton agatonico agatopodes agatopodo agenor ageo agerico agide agilberto agileo agliberto agnano agnelo agnew agoardo agop agostino agricio agricola agripa agripino aguri agusti agustin agustino agustín aharon ahearn ahian ahilton ahmad ahmed ahmik ahonikenk aiad aicardo aidan aidano aien aigulfo aike aimar aimardo aimery aimon ain ainao ainslie aiosha aitalas aitel aitor ajani ajay ajmet akagi akari akbar aki akil akilah akio akira akiva aksel al alaciel aladdin aladino alain alair alan alano alaor alaric alarico alario alastair alavon alayn alban albano albany albar albeliz alben alberico albert albertino alberto albicio albin albino albuino alcadio alcander alceo alcibiades alcides alcindo alcott alcuino aldair aldan aldebar aldebaran aldelmo aldemar alden alder alderico aldevar aldo aldonza ale aleandro aleardo alec alecio aleix alejandrino alejandro alejo alek aleksan aleksander aleksey aleksy alem alen alepio aleron alesandro aleser alesio alesis alessandro alessio alex alexan alexander alexandre alexandro alexandros alexeev alexei alexey alexio alexis alexon alexsander alfa alfaro alfeo alfieri alfio alfonso alfred alfredo algar alger algerico alhue alhueche ali alian alibar aliberto alides alihuem alihuen alik alilmen alim alio alipio aliquen alistair alister alkos alkun allan allard allen almando almandos almanzor almaquio almiro alois aloisio aloiz alojz alomias alon alonso alor alosnos alphonse alpiniano alston alter altieri alton alucio aluel aluen aluhe alula aluney alvand alvar alvaro alvert alvesio alvin alvis amabelio amadeo amadeus amadio amadis amado amador amael amaike amaldo amalfi amalio amaliofer aman amancio amandio amando amani amaranto amarino amaro amauri amaury ambico ambrosio amed amedeo ameghino amel amelio amen americo amideo amiel amilcar amilcár amilkard amin amir amiri amit amittai amman ammiano ammiel ammon ammonio amoa amon amorino amos ampelio ampelo ampliado amuyen amuyén américo amín amón anacario anacleto anacreonte anael anando ananias ananías anastacio anastasio anat anatalio anatalon anatol anatole anatolio anaxagoras ande andeolo ander anders anderson andes andino andoni andoquio andranik andras andre andreas andrei andreolo andres andreus andrew andrey andrian andries andro androcles androgeo andronico andry andré andrónico andy aneano anecto anele anempodisto anesio anfiloquio anfion angel angelico angelino angelmo angelo angilberto angulo angus aniah aniano anibal anicar anicasio aniceto anieli aniello anil anis anisi anisio anker ankine ankiné annuar anoel anoki anolfo anon anquilberto anquises ansalmo ansano ansberto anscario ansel anselme anselmo ansovino antar antares ante antelmo antelo antenor anteo antero antes anthony antidio antigono antil antimo antino antinogenes antioco antipas antoine antoliano antolin antolín anton antonello antonino antonio antony antranig antsise antu antual antuan antuel antulio antun antón antú anuar anwar anyelo anyerbelth aníbal anón anú aparicio apaz apees apeles apelio apiano apodemio apolinar apolinario apolinio apollinaire apolo apolodoro apolonio apro aproniano aptonio apuleyo aquila aquileo aquiles aquilino arabia aracio arador arakel aram arami aramil aramis aramís aran arandu arash arauco araón arbogasto arbás arcadio arcangel arcelio arcenio archak archaluis archer archibald archibaldo archivaldo arconcio arcángel ardaches ardalion ardashes arden ardin ardon arduino are areb arecio aref arek arel aren ares aresio aretas arev arfelio arge argelio argentino argeo argimiro argos argus argyroula ari arian ariano aric aricin arie arieh ariel arif arik arim ario arion ariosto aris aristarco aristeo aristides aristion aristipo aristión aristo aristobulo aristocles aristofanes ariston aristonico aristoteles aristóbulo aristófanes aristófanis aristón aristóteles arión arjan arjuna arkin arman armand armande armando armelio armen armengol armentario armin armindo armogastes armén armín arnaldo arnaud arndt arne arner arnie arno arnol arnold arnoldo arnolfo arnon arnulfo arol aroldo aron aroncio arquelao arquibaldo arquimbaldo arquimedes arquimidis arquipo arrigo arrio arroldo arsacio arsen arsenio arshak art artajerjes artaldo artemio artemon artenio arthur artin arturo aruni arvid arvo ary aryan arye arán aríspidis arístides asa asaar asad asael asaf asafa asafo asalf asbed asbel asclas asclepiades asclepiodoto asdrubal asdrúbal asei asem asencio aser aset asher ashford ashjen ashlan ashlin ashtar ashur asier asincrito asis asise aslan asmodeo asof aspreno assur asterio astio astolfo astor astrubal astur asuero atahualpa atalas atalicio ataliva atalo atalívar atanacio atanasio atef atenagoras atenodoro atenogenes atenor athan atherton athos atico atieh atiel atila atilano atiliano atiliba atilio aton atos attar atuel atzin auberto aubino aubrey auca aucan aucto audacto audaz audberto audeliano audelino audelio auden audifaz audoeno audomaro audric audun augulo augurio august augustal augustin augustine augusto augustus aukha auki aunario aurco aureliano aurelio aureo auricio aurico ausano ausonio auspicio austin austregisilo austremonio austricliniano autonomo auxano auxencio auxibio auxilio avedis avelino aventino avery avigdor avilio avito aviv axel ayarai ayax ayeray ayrampu ayrton ayul ayun azadanes azades azael azarias azariel azas azed azize azrael azulilem azulilen aín baal babil babilas baco bademo bader badir bahari bahiano bahich bail bailey bainbridge baird balarama balbino balbo balder baldomar baldomero balduino baldur baldwin bali balint ballard baltar baltasar baltazar balthazar bambu banbury bancroft baptiste baraquisio barbaciano barbato barbelo barcario barclay barden bardo bardomiano baris barkev barlaam barlaan barnabas barnard barnett barney baroncio barrett barry barsabas barsanufio barsen barsimeo bart bartolo bartolome bartolomé barton baruc baruch baruir baruj barula basiano basil basileo basiliano basilides basilio basilisco basolo bassi basso bast bastian bat batista battista baudelio baudilio baudillo bautista bavon bawer baxter bay bayaceto bayan bayard bayulo beacan beagan beaman beano beato beau beaumont beauregard beck beda beder beism belarmino beldon belerofonte belgrano belindo belino belisario belizario bell beltran beltrán bem ben benedeto benedict benedicta benedicto benen benet benett benicio benigno benito benjamin benjamín bennett benny benoit benon benson bent bentley beraldo beranger berardo bercario berend berenger bergo bergren berjuhi berk berkeley berko bern bernabe bernabé bernadino bernard bernardino bernardo bernavé bernd berne berniago bernie berno bernon bernwardo beronico bert bertel berthold bertil bertin bertino berto bertoldo bertolo berton bertran bertrand bertrán bertulfo beryl besa besarion besarión beshara bevan bevin bialy bianco bianor bibiano biblides bicor bienvenido bilal billy bin biniamin bionel birch birilo birino birluin birney birtle bishop biviano bjorn blabino blade bladimir bladimiro bladino bladomero blago blaine blair blaise blake blandina blandino blas blasco blasides blaze bligh blix bly bo boden boecio bogart bogdan bogdanov boghos bogos bohdan boleslao bolton bonaiunta bond bonfildo bonfilio bonifacio bonito bonny bono bononio bonoso booker boone boram borden boreas boris borja borjas borna bowen bowie bowman boyce boyd boyden brad braden bradford bradley bradney brady brahim braiam braian braiton bram bran brancio branco brand brandano brandeis brando brandon branimir branko brant braulia braulio braxton breck brencis brendan brendano brenie brennan breno brent brentan breogan breogar breoni bretanion brett brewster brian briccio brice bricio brieg brigham brighton brigido brigilio brink brock broderick brody bronislao bronson brooks bruce brulio bruno bruto bryan bryant bryce brychan brynn bryson bucardo bucefalo buck bud buda buddy bulmaro burcardo burian burke burney burr burt burton butros byrd byron cadell cadeo cadmo cadyk caedmon caesar caetano caian caifas cailan cain caio cairo caitanya calagero calanico caldeolo calder caleb caledonio calel calepodio caley calfu calfú calhoun calian caligula calim calimaco calimerio calinico caliopio calistenes calisto calistrato calixto calocera calocero calogera calogero calquín calvin calócera camacho cambises camden camel camerino camil camilo camin campbell campio canaan canan canciano cancio candelario candidiano candido canico canion cantalicio cantidiano cantidio canuto capiton caprasio caracciolo caralipo carauno carisio cariton carl carles carleton carlisle carlo carlomagno carlos carlton carmelo carmino carpo carpoforo carponio carpóforo carrick carson carsten carter carterio carver casandro casiano casiel casimiro casio casiodoro caspar casper cassidy cassius casto castor castorio castrense castriciano castulo cataldo catalino cato caton catrian catriel catrielceli catrielcelis catrilecelio catulino catulo catón cauciano caupolican cayetano cayo caín ceadas ceasar cecil ceciliano cecilio cedar cedric ceferino celedonio celerino celestino celiano celiar celino celio celso cenobio censurio cerbero cerbonio cereal cerne cesar cesaraugustanus cesare cesareo cesario cesarion cesidio cesáreo ceumar chad chafic chaim chain chal chale chalmers chalon chamilin chan chance chancellor chander chandler chaney chapman charbel chari charif charles charlie chase chauncey chay chayton chen cheney cheng cherai chester chevalier cheyenne childerico chilton chin chioma chris christian christoph christopher christos chuck chukwuma cian cicelo ciceron cicerón cindeo cintio cipriano cirano cireneo ciriaco cirilio cirilo cirineo cirino cirio cirion ciro ciríaco ciselio ciselo ciseron citino clacer clarence clarencio clark clarke claro clasico clateo claude claudiano claudino claudio claus clay clayton cleary cleavon cleider clemencio clemens clement clemente clementino cleofa cleofas cleofá cleofás cleon cleonico clero cleto cleveland clever clicer clicerio clidanor cliff clifford clifton climaco clinio clint clinton clive cliver cloaldo clodoaldo clodomiro clodoveo clodulfo clotario codrato cody coihue colby coleman colin collin colm colman colmano colomano colombino colombo colon colton columbano columbo colón comodo cona conan conceso concordio confucio conlan connor cono conon conor conrad conrado constancio constante constantijn constantin constantine constantino constanzo contalicio contardo conway cook cooper copretes coran corbett corbin corbiniano corcoran cordell corebo corel corey coriolano cornelio cornelius cornell corona coronados corrado cort cory corán coslet cosme cosmo costante cotido coty courtland coyan craton crecencio crecinio creighton cremencio crenscente crescenciano crescencio crescencion crescente crescenzo cresconio creso crisanto crisoforo crisogono crisol crisologo crisorogo crisostomo crisotelo crispin crispiniano crispino crispo crispulo crispín cristhian cristian cristiano cristino cristián cristo cristobal cristopher cristóbal crisóforo crisólogo crisóstomo cromacio cronidas crosby cruz críspulo cuadragesimo cuadrato cuartila cuarto cuauhtémoe cucia cucufate cuhelen cullen culmacio cumelen cuniberto cunquen cupido curcudomo curonoto curt curtis cusi custodio cutberto cutmano cuyen cyd cynric cyprien cyrano cyril cyrus cástor cástulo cátulo célide césar daciano dacio dadal dadas dael dag dagan daglie dagoberto daian daien dalai dalan dale dalel dallas dalmacio dalmiro dalton daly damacio damalis damaso damek damen damian damiano damir damiro damián damocles damon dan dane danel daniel danilo danimiro danko danner danny dante darby darciel dardo darek daren darian dariel darien darin dario darko darnell darrel darren darri darrin darrion darryl darshan darwin darwuin daryl darío dasio dativo dato dave davel davi david davin davino davis davor daymán daywer deacon dean decio decker decoroso dedalo deian deicola deisfri deivis dekel delano delbert delfin delfino delfio delfo delfor delimiro delmidio delmiro delmo dels delsin deman demetrio demetrius demian demidio demis demián democles democrates democrito demosteles demostenes dempsey dempster demócrates denel denis denken dennis denver denyerbeth denzel deoclediano deodato deodoro deogracias deolindo der derek derex derio derlis dermidio dermot derrick derry derwis desi desiderio desio desmond deverell devin devlin devnet devon devoto dewey dexter dharvinder dheera dhyan diago diankeybert dick dictimio dictor didier didimo didio didío diederik diego dieter dihue dikran dillan dillon dilson dimas dimitri dinael dino dio diocleciano diocles diodenes diodoro diogenes diogo diomedes diomedez diomid diominis dion dionel dionicio dionio dionisio dionysus dioscoro diosdado dip dirck dirk diselio disibodo disiderio diuca diulio divico divo dixie dixon diógenes dióscoro dmitri doane dobry dodo doin dolce dolfo dom domacal domecio domenico domiciano domicio domingo dominic dominiciano dominick domnion don donaciano donal donald donaldo donardo donat donatien donato doncel donnelly dono donoso donovan dony dorian doron doroteo dorzong dositeo dougal douglas douglass dougles dov dovber doyel doyle drake drazen dresler drew droctoveo drogon druso duam duberli dubiel dudley duff dugal dugan duglas duham duilio duke dulas dulcidio dulio duman duncan dunlop dunn dunstan dunstano durand durante durbal dusan duscha dustin dusty dutch duval dwayne dwiehgt dwight dyango dylan dymas dámaso délfor dídimo eadberto eadoin eamon earl eaton eavan ebal ebdulio ebenezer eberardo ebert eberto ebiciaro ebon ebrulfo eciar ecio edan edberto eddie eddine edelberto edelmar edelmiro eden eder edesio edeso edeván edgar edgardo ediberto edickson edilbero edilberto edilio edinson edipo edison edistio edisto edlyn edmundo edouard edsel edson eduard eduardo eduin eduino eduyn edward edwardo edwin efebo efeo efigenio efisio efraim efrain efran efrat efraín efrem efren efrigenio efrén egan egberto egduno egdón egeo egidio egisto egmidio egon egor egraín egreber eial eibe eicer eiichi eikvan einar eitan eitel el eladio elal elam elazar elber elbio elcan elcide elden eldon eleazar eleazaro electo elek elenio eleno eleodoro eleucadio eleuterio elezer eleázar eleázaro elhanan eli eliab eliahu eliam elian eliano elias eliazar eliberto elicer elicio elidio elido eliecer eliel eliezer eligio elijah elimelej elimenas elio eliodoro eliomar eliot eliott elisandro elisardo eliseo elisio elismer elivio elizandro elián eliécer eliézer eljanan elkan ellery elliot elmen elmo eloi eloy elpidio elsio elton eluhuei elum eluney elvin elvio elvis ely elzo elías emai emanuel emanuele emaé emenuele emer emerenciano emerio emerson emery emeterio emigdio emil emiliano emilio emir emmanuel emmett emo enadio ender enderson eneas eneo eneyen engelberto enio eniun enmanuel ennio ennis enoc enoch enodio enri enrico enrique enso enuel enver enyeto enzo eoin eolo ephraim epicuro epifanio epigmeno epimaco epimenides epuchi epulén epumari eraclio erardo erasmo erasmus erastostenes erastus erebo erek ergasto eric erich erick erico erie erik erlan erland ermanno ermelando ermindo ermino erminoldo ernaldo ernest ernesto erni ernie erno erol eros erostrato errol erskine ervaldo ervin erwin eryx esau escandar escipion escubiculo esculapio esdras esio esiquio esleaval eslem esmond esnel esopo especioso espen esperato espin espinolo espiridion espolono esquirion esra essien estanislao esteban estefan estefano estiliano estraton estuar etbino eteberto etelberto etelwoldo eterio etewa ethan ethaniel etienne eton etu eubennys euberto eubulo eucario eucarpo euclides eudes eudoro eudoxio eufemio eufrasio eufronio eugene eugenio eulalio eulogio eumenio eun euniciano euno eupilo euprepio euprepito eupsiquio euquerio eurico euripides euro eusebio eusiquio eustacio eustaquio eustasio eustato eusterio eustoquio eustorgio eustosio eustrato eustremonio eutimio eutiques eutiquiano eutiquio eutrapio eutropio euvaldo euzkadi evagrio evan evander evando evangelino evangelista evangelos evans evaristo evasio evelio even evencio ever everardo everett evergisto evermodo everton evilasio evo evodio evrardo evrulfo ewhen exanto exequiel expedito exuperancio exuperio eyal eyen ezekiel ezequias ezequiel ezequías ezio ezra fabian fabiano fabio fabián fabriccio fabriciano fabricio fabriel fabrizio fabrizzio facundo fadrique fady fagan fai fairfax faisal falco falcon fandilas fantino farach farahan faraj faraon fares farid faris farnacio faron farrell faten fatin faustiniano faustino fausto favio fazzio febadio febo febronio federico fedor feliciano felicisimo felip felipe felix fenton fequino ferdinand ferdinando fergal fergus fermin fernan fernando fernán ferran ferreol ferreolo ferris ferrucio ferto fiacro fibiceo fidel fidenciano fidencio fidolo filadelfo filan filapiano filastro fileas filemon filiberto filindo filip filipe filippo filoctetes filogeno filon filoteo filotero finees finiano finley finn fintano firman firmato firmiliano firmo firneo fisk fitzpatrick flaminio flann flannery flavian flaviano flavio fletcher flinn floreal florencio florente florentino florestano florian floriano florindo florio floro flosculo floviano floyd flynn focas focio folco forbes forest formerio forrest forrester fortunato foster fotino fraimerson frainer fram fran franbelys franc franc.de francesco franchesco francisco francise franco francois frangelbeht frank frankie franklin franmy franz frasier fraterno fred frederick frederico frederik freiber fremont frick fridolino friedrich frigidiano fritz fritzi froabuga froberto froilan froilán fronton fructulo fructuoso frumencio fu fuad fubrado fulberto fulco fulgencio fulvio fursy fusiano féde félix gabe gabelo gabino gabo gabriel gadi gadiel gael gaetano gage gaius gal galdino gale galel galen galeno galgano galicano galileo gallagher galo galt galton galvez galvin gamal gamaliel gamble gamelberto gamliel gandolfo gandroso gangulfo ganimedes gannon garabed garbis gareth garibaldi garret garrett garrick garridan garrison garry garson garth garwood gary gaspar gaston gaudencio gauderico gaudioso gaudy gausberto gavin gavrie gavriel gaylord gaynor geary gebhard gedeon gelasio gelsomio gelvis gemelo geminiano gemino genadio genaro genciano gene generoso genesio gennaro genrry gento geoffrey geoffroy georg george georges georgevick geovanny geraint gerald geraldo gerard gerardo gerasimo gerbinso gerbrando gerd geremaro geremi geremias gerik gerino gerlac germain germaine german germanico germano geroldo geroncio geronimo gerson gervasio geseon gesú geza ghislain giacomo giael giamluis gian giancarlo giancarlos gianfranco gianluca gianlucca gianmarco gianni gibson gil gilbert gilberto gilcerio gildardo gildas gildegar gilen giles ginario gines gino ginton gio gioele giordano giorgio giovanni giraldo gisberto gisleno giuliano giulio giuseppe givon glauco glen glenn glicerio glorialdo goar goberto godana godescalco godfrey godofredo gomer gondulfo gontran gonzaga gonzalo goran gordiano gordon gorgonio gosvino gotardo goverty graciano graciliano grady graham gram granger grant granville gratiniano grato grayson greg greger gregg gregor gregorio gregory greivel gresham grey griffin grimoaldo grimshaw griswold grover gualberto gualdemar gualterio gualtier guaraci guarino guerrico guglielmo gugorio guido guilherme guillermo guimar guiomar gulmacio gulmen gumaro gumersindo gundelberto guniforte gunnar guntero gunther guri gurio gus gustave gustavo gustino guthlac guthrie guy guyapi guzman gwenole gwidon haakon habib habido hackett hadar hadden hadi hadley hadrian hadulfo hagan hagop haian haig haiko haines hakim halbert halden hale halley halsey ham hamal haman hamilton hamlet hamlin hampartsum hamza hank hans hansol harden hardouino hardy harel harissa harith harkin harlan harley harman harmon haroldo harper harrison harry harsh hart hartley hartwin haruni harvey hasad hassan hassen hauk havencio haydn hayes haziel heaton heber heberto hecuba heda hegesipo heinrich hekmat heldo heldrado helio heliodoro heliogabalo helmo helmut helvecio helvio hemilse henning henoch henri henrik henrry henry heracleos heraclio heraclito heraclo heraldo herb herbert herculano hercules heremon heriberto heridion hermagoras herman hermann hermelando hermelindo hermenegildo hermes hermilo herminio hermipo hermocrates hermogenes hermogio hermán hermánn hernan hernando hernani hernardo herne hernán herodes herodoto heron heros herschel herve hesiquio hevamerst hezekiah hibah hideki hidulfo higinio hilario hilarion hilaro hildebrando hildemaro hilel hillel hilliard hilton himerio hipacio hiparco hipocrates hipolito hipólito hiram hiran hiroaki hiroki hiroshi hiroyuki hisham hitoshi ho hodgson hoel holden hollis holmes holt homer homero honesto honorato honorio horace horacio horencio hormisdas horst hortencio hortensio hortulano horus hosarsiph hosea hospicio houston howard howe howell huaiquil huaman huari huayun huber hubert huberto huechu hueco hueique huelten huemul hueneken huenu huenú huerquen huey hugh hugo huilli humbaldo humberto humphrey hunter huntley hur hurley hussain hussein huáscar hyman hyongnam héctor hójsiy iaacob iacov iago iain iair ian ianick ianir ianis ianiv iannis iaser ibai ibar iber iberico ibero ibrahin ibraim icaro ichiro idaho idelfonso ido idomeneo iedidia iehiel iehuda ieprem igal igashu iggi iggy ignacio ignat ignatius ignazio igor iguen ihefrant ihor ihuen ik ike iker ikini ilan ildar ildefonso ildemar ilias ilich ilidio illakk illampu iluminado ilusha ilya imanol imhotep imul inal inaln inan inaqui inau inayen inca incan indalecio ingeno ingmar ingram innis inocencio inri inti ioannis ioav ioel ion ionatan ionel iori iosef ioshua ireneo iriyuy iru irving isa isaac isabelino isacar isachar isacio isael isaiah isaias isam isao isaul isauro isaí isaías isel iseo ishaiahu isidoro isidro ismael ismail isocrates isondu israel israfil issa issay istu italo itamar ithel itiel ittamar ittay itter itzak itziar itzjak itzjok iuri ivan ivar ives ivo iván iwan ixtebe iye iziar iñago iñaki iñaque iñigo jaasiel jabari jabes jabilo jabir jacco jacinto jack jackson jaco jacob jacobe jacobo jacques jadon jaegar jaen jafar jafia jafro jagger jahaziel jai jaim jaime jainen jainer jair jairo jake jal jaled jalil jamal james jamiro jamison jan janan janania janaí janger jano jantipo jarah jared jarek jarl jarno jarol jaron jaroslav jarreth jarrett jarvis jasid jason jasper javier jay jaya jayag jaziel jeampier jean jed jeder jedi jedidiah jedrek jefferson jeffrey jehiel jeicob jelani jenaro jener jeremiah jeremias jeremy jeriah jermain jermaine jerolin jerome jeronimo jerry jerusalén jerzy jerósimo jesass jeshua jess jesse jesus jesús jethro jeuel jevh jeyslerd jeziel jhilber jhoan jhoangel jhonas jhonieyker jhonnatan jhonny jhordin jhorman jhoseph jhoseth jhosser jibril jilian jim jimmy jimoh jinsok jivin joad joakim joan joanicio joao joaquim joaquin joav job jobey joe joel joelmairen joendry joey jofiel johaluis johan johander johangel johann john johnny jokin jon jonah jonas jonatan jonathan jonás joon jordan jordi jordán jorell jorge jorgen jorman josafat josa© joscio jose josebad josef josemaria josemaría josemir joseph josh joshua josiah josias josmel josua josue josué josé jotham joviniano jovino jozeph jristos juan juanmi juanse jucundo judas judd jude julen jules julian juliano julio julius julián juma junior juri jurrien justin justiniano justino justo juvenal juvencio juveneo juventino juyoung já¼re já¼rgen kadar kadeem kadin kado kai kaikara kaiki kaikson kailash kaili kaiser kalani kalb kale kaled kalfu kalil kalkin kalman kamal kamil kamilo kane kaniel kanti kaori kaoru kapono kapriel karan kareem karibe karif karim karl karol karsten karumanta kasen kasib kasim kaspar kass kateb katu kavy kay kazihiro kazuhiko kazuo keahi keane keanu kearney keaton keb kedar kedderson keefe keelan keenan keene kefer kegan keigo keiichi keiji keimber keir keith keiver kekipi kelby keli kellan kellen kelman kelvin kemal kempton ken kenaan kenaz kendrick kenelm kenichi kenji kenley kenn kennard kennedy kenneth kenny kensel kent kentaro kenti kentigerno kenton keny kenyelber kenyi kenyon kenzo kerbasi kermit kern kerr kerrick kerry kers kester keudys kevin keyner khaled khalid khalil khan khoury kian kiefer kieran kiernan kiliano killian kimah kimball kimey kin kincaid kinen king kinsey kintigerno kinton kioshi kipling kipp kirby kirian kiriano kirk kirkwood kiros kiu kiyoshi klaus kleef kleiber kleibert kleyberth knox ko kodder koen koichi kolby komstantin konan kong konstantin konstantinos koos korb kort kosey kospi krikor kris krischan krish krister kshamenk kumar kurt kusi kuyen kyle kyler kyne kyros laban labegun labib ladd ladio ladislao laercio laertes lahual lahuen lain lair laird lal lamar lambert lamberto lamec lamond lamont lance lancelot landelino lander landers landis landolfo landon landrada landry lanfranco lang langdon langley langston langundo lanin lanz lao lap laramie laron larrimore larry lars laszlo latif latimer latino lauden laudoaldo laughlin laumer laureano laurence laurencio laurent laurentino laurindo lauro lautaro lavalle lawler lawrence lazaro lazarus leanan leander leandro lear learco lebian lee leggett lei leib leibush leif leigh leiser leland lelio lemuel len lencho leneo lenk lennart lennon lennor lennox lenny lensar leo leobino leodegario leodowaldo leofrido leon leonard leonardo leonas leoncio leonel leonelo leonidas leonides leopardo leopold leopoldo leor leovigildo leron leroy lesstter lester letancio leto leucio leuco leudomiro leunan levi levian levon lewin lewis leynekel león leónidas li liafdag liam lian liang liber liberato liberio liberto libio liborio licalel lican licerio licinio licio licurgo lie lienhard lifardo lighuen ligorio lihue lihuel lihuen liko lilpu linc lincoln lindberg lindor linfred liniel linneo lino linu linus lion lionel lior liron lisandro lisardo lisle lister liu livino livio livvy lizandro ljubo llamecán llanco llanque llanquetruz llañu llechi lleuque llewellyn lleyton lloyd lluhue llum llójsiy lockhart logan loic lok lombard london loner long longinos lono lord lorentzo lorenzo loris lorne lot lotario lou louis lovre lowell luan luano luba luc luca lucan lucano lucas lucca luccas lucciano luce luchino lucian luciano luciel lucien lucio lucius lucky lucrecio ludovico ludwig luiggi luigi luis luiz lujan luka lukas luke lukene lumumba lunt lupercio lupero lupicino lupo lurentino lusorio lutardo lutero lutfi luther luvencio lyle lyman lynch lyndon lynge lysander lázaro lídoro maaian maarten mac macabeo macabeos macadam macallister macario macaulay mace macedonio maclean maclovio macrino macrobio maddock maddox maden madox mael magin magino maglorio magnerico magno magnus mahesa mahir mahmoud mahoma mahon mahonri maian maico maicor maik mainque maishi maiten maitreya majencio makin makoto maku malaquias malco malcolm malek malik malin mallki mallku mallory malone malte mamertino mamerto mames mamila mamiliano mampu man manahem manami manases mancio mandalo mandek mander manea manel maneto manfamon manfredo manlio manning manny manoa manolis manolo manque manrique mansueto manu manuel manuk mao mapalico mapril marat marc marcel marceliano marcelino marcello marcelo marcial marciano marcio marco marcos marcus mardario marden mardo mardonio mardoqueo marek mariano marin marino mario maripí mark markar markham marko marland marley marlin marlon marlow maro marolo maron marotas marselio martin martiniano martino martir marty maruan marutas marv marvin marwin marziabo maría masahiro masaichi masalvio masao masashi masculas mason masona massimiliano massimo matana matej mateo materno matheo mather matheus mathias mathieu mati matias matildo matko mato matroniano matt matteo matthew matthias matthieu mattia maturino maturo matusalen matías maurelo maurice mauricio maurilio maurilo maurino maurizio mauro maverick mavilo max maxim maxime maximiano maximilian maximiliano maximino maximo maxwell mayco maycol mayid mayker maynard mayolo mayon mayorico mayron mecenas medardo mederico meginardo meinrad meinrado meir mel melanio melas melasipo melchor meleagro melecio meleusipo melian melik melito meliton melitón melquiades melquisedec melvin melvyn memnon memo menajem menalipo menandro menas mendel mendo menedeuco menelao meneo mengoldo menigno menio mennas mennos menodoro menqui merari mercer mercurial mercurio merhey merle merlin merlín merolino merquiades merrick merrill merulo merv mervin mesha mesmino metelo metodio metran metrofanes metropio meuris meyer micael micaias micaías michael michay michel michele mick mickey midas migdonio miguel miguelis mijael mijail mika mikael mikel mikhail mikkel milan milciades milej miles milet milforte millan milo milorad milos milton min minato miner minerviano minervo minotauro minulen miqueas miqueo mirko mirocles miron miroslav misael mishqui misky misopio mitch mitchel mitchell mitricio mitridates miyen miyén mizzio modesto modoaldo mohamad mohamed mohammed moises moisés moke mommolo monas moneguindis moneta monitor monon monroe montana montano montgomery monty morathi mordecai mordechai mordejai mordejay moreno morey morfeo morgan moriah moritz moro morosito moroti morris morrison mort mortimer morton morven moses moshe moswen mucio muhamad muhammad mukasa mummolino mumolo munay munir mupu murad murdoch muredac murphey murphy murray musono mussa mustafa mustafá mustiola muti muñay mychal myles myoren myron máximo míleg naaman nabil nabor nabucodonosor nacho nadab nadav nader nadim nadir nador naeem nagmen nagual nahele nahim nahuel nahum nahuán naibeth naim naji najul nalbert nallem nallib namer namir nando nandor nanfanion nantan nao naoki naoko napier napoleon napoleón narade narayan narciso narno narses narzal naschel naseen naser nasif nasim nasser natal natale natalio natan natanael nataniel nate nathan nathanel nathaniel natán naval navarrete navarro navin nayati nayib nayquí nazael nazareno nazario nazzareno neal neandro nebio nebrido nectario necul ned nedar neely nefi nehemiah nehemias nehorai nehuel nehueln nehuen neiber neil nel nelio nell nello nelo nelso nelson neltor nemesiano nemesio nemo nemorio nen neofito neon neopolo nepen nepomuceno neptune neptuno nereo nerio nero neron nerses nessan nestor nestorio netanel neuen nevan nevel nevil neville nevin nevio newen newman newton neyef neyen nibal nicandro nicanor nicasio niccolo niceas nicecio niceforo nicetas niceto nicholas nick nickolas nicodemo nicola nicolaos nicolas nicolle nicolo nicolás nicoló nicomedes nicon nicostrato nidgard niel niels nien nigel niger nikolas nikolay nikolos nikos nil nilamon nilo nils niltón nimai nimrod niniano nino nir niriel nisim nissan nissim nitai noa noah noaldo noam nodin noe noel noha nohar nohien nolan nolasco nolberto noman nomoso nonato norbel norberto norman normando norris norton nostriano nothelmo notkero novato novid noé nschan nubar nulin nulpi numa numas numeriano numilen nuncio nuri nuru nusair nyle nyorai néstor nícolo oakes oakley obadia obdulio obed oberon obert oceano octaviano octavio odeberto odell odiles odilon odin odino odler odo odolf odon odran ofek ofer ofir og ogden ogui ohanko ojani oke olaf oleg olegario olimpio olimpo olin oliver oliverio olivier ollie olmar olmo omar omer omiros omri onan onesiforo onesimo onkar onofre onslow onur onésimo optaciano optato oran orane ordell oren orencio orest orestes orfeo orgaña ori oriel oriente origenes oringo orion orlando orman ormand ormando oroncio orosio orrin orsen orsiesio orsin orson ortzi orville orvin osario oscar oseas osgood osher osias osiris osman osmar osmundo osorio osric ostiano osvaldo oswald oswaldo osward otadan otello othmaro otilio otis oton otoniel otto ottokar ottone ovadia overton ovid ovidio owain owen oyendo oz oziel ozturk ozzie pabla pablo pace pachacútec paciano paciente pacifico paco pacomio pacífico paddy pado pafnucio page paige painegour paki paladio palash palatino palben palemon paleologo pallas palma palmacio palmer palmiro palti pambon pampa pampin panas pancario pancracio panfilo pangui pansalino pantagapas pantaleon pantaleón pantalo panteno panuel paolo papas papias papilo papiniano papio paragro paramesh paramon parana pardulfo paris parisio park parker parlan parmenas parmenio parnell parnucio parodio parrish parry partemio partemuto parthenios pascal pascasio pascual pasicrates pastol pastor pat patamon patapio paterio paterniano paterno patric patricio patrick patrobas patrocinio patroclo patterson patton patxi pau paul paulin paulino paulo paulos pausidio pausilipo pavel pavit pavle paxton payton peder pedro pegas pegaso pehuen pehuén pelagio pelayo pelegrino peleo pelino pelope pelton pelusio pembroke pemon penley penn pepino perceval percival percy peregrino perfecto pergentino pericles perpetuo perrin perry perseo perth pervis pete peter petrarca petronax petronio petros peverell peyo peñimel phil philander philip philippe phillip phillips philo phoenix piato pier pierce pierino pierio pierluigi piero pierre pierson pietro pigmeno pilan pilatos pilmayquen pin pincen pindaro pinito pio pionio piperion pipino piramo piren pirminio pirro pitagoras pitias pitney piuque piuqué placido platon platonides plauto plinio plutarco podio poliano policarpo policeto policromio policronio polidoro poliecto polienetes polieneto poliero polifemo polinice polio polion polo polyeno pompeo pompeyano pompeyo pompilio pomponio ponce ponciano poncio pontico poppon porcario porciano porcio porfirio porter posidio potamio potenciano potino potito poyen pragnacio pratap prem prentice prescott presidio presley preston pretextato priamo priapo pricio prilidiano primiano primitivo primo principio prinio prisciano prisciliano prisco privato proceso proclo procopio procoro proctor proculo promaco prometeo prosdocimo prospero protasio proteo proterio proto protogeno protolico prudencio pryce pryor ptolomeo publio pulqueria pulqui pupulo purdy purva pusicio putnam pyralis pío quadragesimo quarto quentin queremon querian querubin quetzal quetzalcoatl quiliano quilla quillan quillén quimey quinby quinciano quincino quincy quinidio quinlan quinn quintila quintiliano quintilo quintin quinto quiriaco quirico quirino rabulas rachid rad radamel radamento radames radley radman rael rafael raffaello rafferty raffi rafi rahab rahman rahue raian raidis raidon raifroid raihue raimondo raimulfo raimund raimundo rainer rainerio rainey raiquen rajmi rakin raleigh ralf ralph ralston ram ramiro ramon ramses ramsey ramón rance rancul randall randie randolfo randolph randy ranen ranger rangle raniero ranquel ranulfo raphael rasifo ratbodo raudyn raul raulino raven ravi ravid rawdon ray rayburn rayder rayen rayhan raymi raymond raymont raymundo raynor razi raziel raúl read reade reagan red redemepto redford redmond reed reese reeve refael regan reggie reginald reginaldo regino regis regulo rehue rei reiji reilly reimu reinaldo reinoldo relen remberto remes remigio remington remo remus remy renaldo renato rendor rene renniel renny reno renovato renzo repu resham respicio restituto reth reticio reuben reuquen reuven revelin reveriano revocato rex rey reyes reynaldo reynard reynold rez reza rhett rhys riane ricardo ricarte richard rick rider ridgley rigby rigel rigoberto rihito riley rimon rinaldo ringo rino riordan rish rishi rito ritter rivaldo river roald robenson robert robertino roberto robin robinson robustiano rocco rock rockwell rocky rod roddy roderich roderick rodieth rodipo rodman rodnney rodobaldo rodolfo rodopiano rodrigo rogaciano rogato rogelio roger rogerd rohit roi roland rolando roldan rolf roman romano romarico romario romeo romildo romo romualdo romulo romulus román ron ronald ronan ronat rondel ronen ronervys roni ronit ronn ronnie rooney roosevelt roque rory roscoe rosel rosendo rosio rosmel ross rosula roth roy royce ruben rubiannys rublennys rubén rudd rudesindo rudi rudiger rudolf rudolfo rudolph rudy ruff rufil rufiniano rufino rufo rugulus rulican rume rumen rumi rumoldo runako rune rupay rupert ruperto rush ruskin russ russell russom rustico rusty rutilio rutilo rutulo ruy ruysbrockio ry ryan ryanne rye rylan rylie ryu ryuichi ryuji saagar sabacio sabas sabel sabiniano sabino saburo sabás sacerdote sacha sadaki sadao sadi sadler sadoc sadoth safford sagar sagara sahale sahen sahir said saiguen saije salamon salatiel salem sales salih salim saloman salomon salomón salton salustiano salustio salvador salvatore salviano salvino salvio sam samael sami samien samir sammon sammy samonas samson samuel sananda sanat sancho sandalio sandalo sanders sandon sandor sandro sanford sanson santana santeno santiago santino santo santos santosh saquei saquin sargent sarkis sarmatas sarngin saro sarojing sashenka sasson satiro satoshi saturiano saturino saturio saturnino saturo sauken saul saulo saunders saverio sawyer saxon sayer sayi sayin saywa saúl schafer scheneider scott scotti sealtiel seamus sean searle seba sebasten sebastian sebastien sebastián secino secuano secundario secundiano secundino secundo secundulo securo sedofo sedric seeley sefton segismundo segundo seibert seiei seif sein seint seiyu seizen sel selesio seleuco selien selim selím sem sen senador senan senco seneca senen sener senior senon septimio septimo serafin serafín serapion sereno serge sergi sergio serkis serlon servacio servando serviliano servilio servio servo servodei servodeo servulo set seth sethan severiano severin severino severo seviliano sevilin sewoldo seyithan seymour shadwell shai shaiming shair shalom shalya shamir shamus shanahan shane shanley shant shaqueel shaquile shaquille sharbat sharif shattuck shaul shaun shaver shaw shawn shayen sheehan sheffield shekel sheldon shelomo shelton shem shen sheridon sherlock sherrod sherwood shin shinboku shing shinichi shinji shinya shiro shiva shivani shmuel shneur shoei sholem shunko shunnar siagrio sibley sicio sico siculla sid sidonio sidronio siena siervo sigeberto sigefrido sigfrido sigifredo sigisbaldo siguen silas sileno silo silvano silver silverio silvestre silvino silvio simaco simberto simblino simei simeon simitrio simms simon simonides simpliciano simplicio simón sinchi sinclair sindino sindulfo sinesio sinforiano sinfronio singh sinuhé sion siquil siricio siridion sirio siro sisebuto sisenando sisinio sivan siviardo sixto skipper skule slade slater slevin sloan smith sobel socrates sofiel sofocles sofonias sofronio soi solano solemnio soliano solident solmairy solocano solomon solutor son sonacio sonny sonthaya soo sorel sorelys sosio sosipatro sosteneo sostenes soterios sotero sozonte spalding spe spencer spiro spiros stalin stamos stan stanislas stanislaus stanislav stanislawa stanley staquis starly stasio stavros steel steen stefan stefano steffany stelio stephan stephen sterling stern steve steven steveson stevie stewart stiriaco strom stuart sturno stylianos stéfano suceso sudan suintino suitberto sullivan sully sulpicio sumaj summit sumner sun sundeep superio surak surano susel sutherland sutton suwan suyai suyay sven svend swain swaley sweeney syed sying sylvester symon symoond syshe szaffir taamson tab tabare tabari tabaré tachi taciano tacion tacito tacuabe tacun tadas tadashi taddeo tadeo tadeu tadeusz tadi tae taffi taft tage taggart taher tahiel tahir tai taiel taimir tait taite takashi takeo takeshi tal talaleo talbert talca taleb talib talman talo talos tam taman tamaro tamer tamia tamir tanaka tancon tanek tanner tantalo tanton tanus tao taralo tarasio tarciso tarek tarik taro taron tarquino tarsicio tarunadev tas tasio tate tatsuki tatsuo taurino tavish tay tayda tayi taylor tayul tayyeb tazio teagan teague teal tecelino ted tehuel telasco telemaco telesforo tell teller telly telmo tem templeton temístocles teo teobaldo teodardo teodefrido teodomiro teodorico teodoro teodosio teodoto teodulo teofanes teofastro teofilo teofredo teogenes teonas teonesto teopisto teopompo teoprepido teotimo tercio terence terenciano terencio termes terrence terris terry tertuliano teseo tesifon tesifonte tespesio teusetas teva teófilo thaddeus thai thaiel thaman than thane thang thanos thatcher thayer theo theodor theodore theophile theron thiago thierry thirza thomas thor thorbert thornton thorpe thuc thurman thurston tiago tiano tibalt tiberio tibor tiburcio tica ticiano tico ticon tierman tierney tigidio tigranes tijsi tilden till tilton tim timin timocrates timolao timon timoteo timothy tin tindaro tinkuy tinuviel tiquico tirannio tirso titelman tito titus tiziano tjomme tobar tobey tobia tobias tobit todd toft toichi tolomeo tom tomas tome tomer tomislav tomlin tommy tomy tomás tonatiuh tong tonio tony tooru toqui torcuato toribio torin torpetes torrance toshiro tourion tovi townley townsend tracey trahern traichen tranquilino transito trapial traseas trason traugott travers travis trayton tremaine tremar trent trenton trevor trey trifilo trifon trigg trinidad tripode triptolemo tristan tristram tristán troades trofimo troy troyano trudon truitt truman trumwin trustin tuan tubal tucidides tucker tufi tug tugdualdo tujuaylites tulio tully tung tupac tupu turiaf turner turpu tuten tutilon tuton tuyen twitchell txomin ty tyee tyler tymon tyrone tyrus tyson tzion tzui tzuriel tzvi uaine ualid uba ubadah ubaldo uberto ucle udo ugolino ugucion ukyo uladislao uldarico ule ulf ulfrido ulises ullah ulmo ulpo ulric ulrich ulrico ultman ulysses umberto umi umit unelen unelu unepan uno upam upshaw upton urban urbano urbicio uri uriah uriel urko urpasiano ursicino ursicio ursion urso usmaro utka uton uver uwe uyun uzi uzias uziel vachel vadim vadin vahe vahid vail val valabonso valborg valdemar valdir valente valentin valentiniano valentino valentín valeriano valerico valerio valero valter van vance vandyke vanik vannes vardon varick varico vartán varun varuna vasin vaughan vaughn vazkén vazquen vedasto vedie venancio venceslao vendimiano venerando venerio venero ventis ventura venusto verano verecundo veremundo veriano verisimo verne vernerio vernon vero verrill verulo vespasiano vetio veturo vianney viator vicente vicentino victor victoriano victorico victorino victorio victricio victuro vidal vidor viggo vigilio vignesh vigor viken viktor viliulfo villbaldo vilmar vimarasio vinay vince vincent vincenzo vindemial vindiciano vindomio vinicio vinicius vintila virgil virgilio virginio virneis vistremundo vital vitaliano vitalicio vitantonio vitas vito vitoldo vitruvio vittorio vivencio viviano vlad vladimir vladimiro vladislao volfango voltaire volusiano voto vulcano vulpiano víctor waban wade wadih wadim wagner wahaad wahid waikendry wakeman wakiza walarico walberto waldemar walden waldo walen walfrido walid walker wallace wallance walt walter waman wandrilo wanelen wanengo wapi wara ward wardell warein warner warren washington waskar wasnulfo watson waverly wayne wayra webster wechi welby wells welton wen wenceslao wendell wenen wenzel werfil werner wes wesley wesly weyler wheeler whitby whitfield whitley whitney widrado wifredo wigerto wilbur wilca wilebaldo wilford wilfred wilfredo wilfrido wilibrordo wiligiro wilinyer will willard willem william willis willka wilmer wilneisker wilson wilton wilvis winfred winifer winni winnoc winnthrop winslow winston wiron witger wiñay wolcott wolfan wolfgang wolfgango woodrow wuendermin wuillian wulfrano wulgis wulmaro wulstano wyatt wylaychel wynn xabier xan xanthus xanto xavier xenos xerxes xian ximen xisto xoan xose xulian yaco yactk yacu yadir yadira yafar yago yahir yahto yaideem yaider yaik yain yair yajan yako yal yale yam yamai yamal yamandu yamandú yamay yamil yamir yancy yango yani yanis yanko yann yannick yannis yao yaque yaraví yardley yarin yaro yaser yasim yasser yasu yasuo yasú yatel yboty yeampol yeferson yefferson yehoshua yehoshuah yehuda yehudi yeiberth yeiffer yeisso yemba yender yenien yerik yerimen yerlin yermen yersson yervant yester yetró yexalem yhean yheysson yhordin yinay yinfief yitzhak yoav yober yocer yochonon yoel yohan yohans yohrei yolfe yon yona yonaiker yonathan yoneivys yonjer yonny yorbis yorick york yosef yoser yoshi yoshiaki yoshitari yosmer young ytiel yu yubal yucundo yuichi yuki yukio yul yule yulian yuma yunaiker yune yung yunka yurex yuri yusef yuthiel yutiel yuva yves yvu yyaron yán yúri zabad zacarias zacarías zachary zaci zadig zadquiel zaid zair zaki zale zalman zamas zamba zambdas zamiel zane zanitas zaqueo zared zarek zaro zdenko zebina zebulon zedekiah zeeb zefo zeke zeki zelig zelmar zelmiro zenaides zenas zeno zenobio zenon zenón zephan zev zeñón zhanasis zhi zidanelio zigor zikomo zimri zine zinedine zion zisis ziv ziven zoel zohar zoilo zoltan zosimo zotico zubair zyon zósimo